--
-- PostgreSQL database dump
--

-- Dumped from database version 15.0
-- Dumped by pg_dump version 15.0

SET statement_timeout = 0;
SET lock_timeout = 0;
SET idle_in_transaction_session_timeout = 0;
SET client_encoding = 'UTF8';
SET standard_conforming_strings = on;
SELECT pg_catalog.set_config('search_path', '', false);
SET check_function_bodies = false;
SET xmloption = content;
SET client_min_messages = warning;
SET row_security = off;

SET default_tablespace = '';

SET default_table_access_method = heap;

--
-- Name: auth_group; Type: TABLE; Schema: public; Owner: postgres
--

CREATE TABLE public.auth_group (
    id integer NOT NULL,
    name character varying(150) NOT NULL
);


ALTER TABLE public.auth_group OWNER TO postgres;

--
-- Name: auth_group_id_seq; Type: SEQUENCE; Schema: public; Owner: postgres
--

ALTER TABLE public.auth_group ALTER COLUMN id ADD GENERATED BY DEFAULT AS IDENTITY (
    SEQUENCE NAME public.auth_group_id_seq
    START WITH 1
    INCREMENT BY 1
    NO MINVALUE
    NO MAXVALUE
    CACHE 1
);


--
-- Name: auth_group_permissions; Type: TABLE; Schema: public; Owner: postgres
--

CREATE TABLE public.auth_group_permissions (
    id bigint NOT NULL,
    group_id integer NOT NULL,
    permission_id integer NOT NULL
);


ALTER TABLE public.auth_group_permissions OWNER TO postgres;

--
-- Name: auth_group_permissions_id_seq; Type: SEQUENCE; Schema: public; Owner: postgres
--

ALTER TABLE public.auth_group_permissions ALTER COLUMN id ADD GENERATED BY DEFAULT AS IDENTITY (
    SEQUENCE NAME public.auth_group_permissions_id_seq
    START WITH 1
    INCREMENT BY 1
    NO MINVALUE
    NO MAXVALUE
    CACHE 1
);


--
-- Name: auth_permission; Type: TABLE; Schema: public; Owner: postgres
--

CREATE TABLE public.auth_permission (
    id integer NOT NULL,
    name character varying(255) NOT NULL,
    content_type_id integer NOT NULL,
    codename character varying(100) NOT NULL
);


ALTER TABLE public.auth_permission OWNER TO postgres;

--
-- Name: auth_permission_id_seq; Type: SEQUENCE; Schema: public; Owner: postgres
--

ALTER TABLE public.auth_permission ALTER COLUMN id ADD GENERATED BY DEFAULT AS IDENTITY (
    SEQUENCE NAME public.auth_permission_id_seq
    START WITH 1
    INCREMENT BY 1
    NO MINVALUE
    NO MAXVALUE
    CACHE 1
);


--
-- Name: auth_user; Type: TABLE; Schema: public; Owner: postgres
--

CREATE TABLE public.auth_user (
    id integer NOT NULL,
    password character varying(128) NOT NULL,
    last_login timestamp with time zone,
    is_superuser boolean NOT NULL,
    username character varying(150) NOT NULL,
    first_name character varying(150) NOT NULL,
    last_name character varying(150) NOT NULL,
    email character varying(254) NOT NULL,
    is_staff boolean NOT NULL,
    is_active boolean NOT NULL,
    date_joined timestamp with time zone NOT NULL
);


ALTER TABLE public.auth_user OWNER TO postgres;

--
-- Name: auth_user_groups; Type: TABLE; Schema: public; Owner: postgres
--

CREATE TABLE public.auth_user_groups (
    id bigint NOT NULL,
    user_id integer NOT NULL,
    group_id integer NOT NULL
);


ALTER TABLE public.auth_user_groups OWNER TO postgres;

--
-- Name: auth_user_groups_id_seq; Type: SEQUENCE; Schema: public; Owner: postgres
--

ALTER TABLE public.auth_user_groups ALTER COLUMN id ADD GENERATED BY DEFAULT AS IDENTITY (
    SEQUENCE NAME public.auth_user_groups_id_seq
    START WITH 1
    INCREMENT BY 1
    NO MINVALUE
    NO MAXVALUE
    CACHE 1
);


--
-- Name: auth_user_id_seq; Type: SEQUENCE; Schema: public; Owner: postgres
--

ALTER TABLE public.auth_user ALTER COLUMN id ADD GENERATED BY DEFAULT AS IDENTITY (
    SEQUENCE NAME public.auth_user_id_seq
    START WITH 1
    INCREMENT BY 1
    NO MINVALUE
    NO MAXVALUE
    CACHE 1
);


--
-- Name: auth_user_user_permissions; Type: TABLE; Schema: public; Owner: postgres
--

CREATE TABLE public.auth_user_user_permissions (
    id bigint NOT NULL,
    user_id integer NOT NULL,
    permission_id integer NOT NULL
);


ALTER TABLE public.auth_user_user_permissions OWNER TO postgres;

--
-- Name: auth_user_user_permissions_id_seq; Type: SEQUENCE; Schema: public; Owner: postgres
--

ALTER TABLE public.auth_user_user_permissions ALTER COLUMN id ADD GENERATED BY DEFAULT AS IDENTITY (
    SEQUENCE NAME public.auth_user_user_permissions_id_seq
    START WITH 1
    INCREMENT BY 1
    NO MINVALUE
    NO MAXVALUE
    CACHE 1
);


--
-- Name: django_admin_log; Type: TABLE; Schema: public; Owner: postgres
--

CREATE TABLE public.django_admin_log (
    id integer NOT NULL,
    action_time timestamp with time zone NOT NULL,
    object_id text,
    object_repr character varying(200) NOT NULL,
    action_flag smallint NOT NULL,
    change_message text NOT NULL,
    content_type_id integer,
    user_id integer NOT NULL,
    CONSTRAINT django_admin_log_action_flag_check CHECK ((action_flag >= 0))
);


ALTER TABLE public.django_admin_log OWNER TO postgres;

--
-- Name: django_admin_log_id_seq; Type: SEQUENCE; Schema: public; Owner: postgres
--

ALTER TABLE public.django_admin_log ALTER COLUMN id ADD GENERATED BY DEFAULT AS IDENTITY (
    SEQUENCE NAME public.django_admin_log_id_seq
    START WITH 1
    INCREMENT BY 1
    NO MINVALUE
    NO MAXVALUE
    CACHE 1
);


--
-- Name: django_content_type; Type: TABLE; Schema: public; Owner: postgres
--

CREATE TABLE public.django_content_type (
    id integer NOT NULL,
    app_label character varying(100) NOT NULL,
    model character varying(100) NOT NULL
);


ALTER TABLE public.django_content_type OWNER TO postgres;

--
-- Name: django_content_type_id_seq; Type: SEQUENCE; Schema: public; Owner: postgres
--

ALTER TABLE public.django_content_type ALTER COLUMN id ADD GENERATED BY DEFAULT AS IDENTITY (
    SEQUENCE NAME public.django_content_type_id_seq
    START WITH 1
    INCREMENT BY 1
    NO MINVALUE
    NO MAXVALUE
    CACHE 1
);


--
-- Name: django_migrations; Type: TABLE; Schema: public; Owner: postgres
--

CREATE TABLE public.django_migrations (
    id bigint NOT NULL,
    app character varying(255) NOT NULL,
    name character varying(255) NOT NULL,
    applied timestamp with time zone NOT NULL
);


ALTER TABLE public.django_migrations OWNER TO postgres;

--
-- Name: django_migrations_id_seq; Type: SEQUENCE; Schema: public; Owner: postgres
--

ALTER TABLE public.django_migrations ALTER COLUMN id ADD GENERATED BY DEFAULT AS IDENTITY (
    SEQUENCE NAME public.django_migrations_id_seq
    START WITH 1
    INCREMENT BY 1
    NO MINVALUE
    NO MAXVALUE
    CACHE 1
);


--
-- Name: django_session; Type: TABLE; Schema: public; Owner: postgres
--

CREATE TABLE public.django_session (
    session_key character varying(40) NOT NULL,
    session_data text NOT NULL,
    expire_date timestamp with time zone NOT NULL
);


ALTER TABLE public.django_session OWNER TO postgres;

--
-- Name: invoicenumber; Type: SEQUENCE; Schema: public; Owner: postgres
--

CREATE SEQUENCE public.invoicenumber
    START WITH 1
    INCREMENT BY 1
    NO MINVALUE
    NO MAXVALUE
    CACHE 1;


ALTER TABLE public.invoicenumber OWNER TO postgres;

--
-- Name: lease_bills_bill; Type: TABLE; Schema: public; Owner: postgres
--

CREATE TABLE public.lease_bills_bill (
    id bigint NOT NULL,
    billing_date date NOT NULL,
    invoice_number character varying(255) NOT NULL,
    balance numeric(10,2) NOT NULL,
    lease_number_id bigint NOT NULL,
    bill_description character varying(255) NOT NULL
);


ALTER TABLE public.lease_bills_bill OWNER TO postgres;

--
-- Name: lease_bills_bill_details; Type: TABLE; Schema: public; Owner: postgres
--

CREATE TABLE public.lease_bills_bill_details (
    id bigint NOT NULL,
    period integer NOT NULL,
    penalty numeric(4,2) NOT NULL,
    fixed_rate numeric(10,2) NOT NULL,
    amount numeric(10,2) NOT NULL,
    invoice_number character varying(255) NOT NULL,
    landuse_type_id bigint NOT NULL,
    zone_number integer NOT NULL,
    official_area numeric(9,2),
    area_units character varying(255) NOT NULL,
    CONSTRAINT lease_bills_bill_details_zone_number_check CHECK ((zone_number >= 0))
);


ALTER TABLE public.lease_bills_bill_details OWNER TO postgres;

--
-- Name: lease_bills_bill_details_id_seq; Type: SEQUENCE; Schema: public; Owner: postgres
--

ALTER TABLE public.lease_bills_bill_details ALTER COLUMN id ADD GENERATED BY DEFAULT AS IDENTITY (
    SEQUENCE NAME public.lease_bills_bill_details_id_seq
    START WITH 1
    INCREMENT BY 1
    NO MINVALUE
    NO MAXVALUE
    CACHE 1
);


--
-- Name: lease_bills_bill_finale; Type: TABLE; Schema: public; Owner: postgres
--

CREATE TABLE public.lease_bills_bill_finale (
    id bigint NOT NULL,
    closing_date date NOT NULL,
    period integer NOT NULL,
    description character varying(255) NOT NULL
);


ALTER TABLE public.lease_bills_bill_finale OWNER TO postgres;

--
-- Name: lease_bills_bill_finale_id_seq; Type: SEQUENCE; Schema: public; Owner: postgres
--

ALTER TABLE public.lease_bills_bill_finale ALTER COLUMN id ADD GENERATED BY DEFAULT AS IDENTITY (
    SEQUENCE NAME public.lease_bills_bill_finale_id_seq
    START WITH 1
    INCREMENT BY 1
    NO MINVALUE
    NO MAXVALUE
    CACHE 1
);


--
-- Name: lease_bills_bill_id_seq; Type: SEQUENCE; Schema: public; Owner: postgres
--

ALTER TABLE public.lease_bills_bill ALTER COLUMN id ADD GENERATED BY DEFAULT AS IDENTITY (
    SEQUENCE NAME public.lease_bills_bill_id_seq
    START WITH 1
    INCREMENT BY 1
    NO MINVALUE
    NO MAXVALUE
    CACHE 1
);


--
-- Name: lease_bills_reference_table; Type: TABLE; Schema: public; Owner: postgres
--

CREATE TABLE public.lease_bills_reference_table (
    id bigint NOT NULL,
    record_date date NOT NULL,
    zone_number integer NOT NULL,
    period integer NOT NULL,
    fixed_rate numeric(10,2) NOT NULL,
    penalty numeric(4,2) NOT NULL,
    rate_status character varying(1) NOT NULL,
    landuse_type_id bigint NOT NULL,
    CONSTRAINT lease_bills_reference_table_zone_number_check CHECK ((zone_number >= 0))
);


ALTER TABLE public.lease_bills_reference_table OWNER TO postgres;

--
-- Name: lease_bills_reference_table_id_seq; Type: SEQUENCE; Schema: public; Owner: postgres
--

ALTER TABLE public.lease_bills_reference_table ALTER COLUMN id ADD GENERATED BY DEFAULT AS IDENTITY (
    SEQUENCE NAME public.lease_bills_reference_table_id_seq
    START WITH 1
    INCREMENT BY 1
    NO MINVALUE
    NO MAXVALUE
    CACHE 1
);


--
-- Name: registered_adjusted_area; Type: TABLE; Schema: public; Owner: postgres
--

CREATE TABLE public.registered_adjusted_area (
    id bigint NOT NULL,
    proposed_area numeric(10,2) NOT NULL,
    area_units character varying(50) NOT NULL,
    description character varying(500) NOT NULL,
    record_date date NOT NULL,
    comments character varying(500) NOT NULL,
    lease_number_id bigint NOT NULL
);


ALTER TABLE public.registered_adjusted_area OWNER TO postgres;

--
-- Name: registered_adjusted_area_id_seq; Type: SEQUENCE; Schema: public; Owner: postgres
--

ALTER TABLE public.registered_adjusted_area ALTER COLUMN id ADD GENERATED BY DEFAULT AS IDENTITY (
    SEQUENCE NAME public.registered_adjusted_area_id_seq
    START WITH 1
    INCREMENT BY 1
    NO MINVALUE
    NO MAXVALUE
    CACHE 1
);


--
-- Name: registered_alter_landuse; Type: TABLE; Schema: public; Owner: postgres
--

CREATE TABLE public.registered_alter_landuse (
    id bigint NOT NULL,
    description character varying(500) NOT NULL,
    record_date date NOT NULL,
    comments character varying(500) NOT NULL,
    lease_number_id bigint NOT NULL,
    proposed_land_use_id bigint NOT NULL
);


ALTER TABLE public.registered_alter_landuse OWNER TO postgres;

--
-- Name: registered_alter_landuse_id_seq; Type: SEQUENCE; Schema: public; Owner: postgres
--

ALTER TABLE public.registered_alter_landuse ALTER COLUMN id ADD GENERATED BY DEFAULT AS IDENTITY (
    SEQUENCE NAME public.registered_alter_landuse_id_seq
    START WITH 1
    INCREMENT BY 1
    NO MINVALUE
    NO MAXVALUE
    CACHE 1
);


--
-- Name: registered_landuse_type; Type: TABLE; Schema: public; Owner: postgres
--

CREATE TABLE public.registered_landuse_type (
    id bigint NOT NULL,
    landuse character varying(255) NOT NULL
);


ALTER TABLE public.registered_landuse_type OWNER TO postgres;

--
-- Name: registered_landuse_type_id_seq; Type: SEQUENCE; Schema: public; Owner: postgres
--

ALTER TABLE public.registered_landuse_type ALTER COLUMN id ADD GENERATED BY DEFAULT AS IDENTITY (
    SEQUENCE NAME public.registered_landuse_type_id_seq
    START WITH 1
    INCREMENT BY 1
    NO MINVALUE
    NO MAXVALUE
    CACHE 1
);


--
-- Name: registered_lease; Type: TABLE; Schema: public; Owner: postgres
--

CREATE TABLE public.registered_lease (
    id bigint NOT NULL,
    lease_number text NOT NULL,
    zone_number integer NOT NULL,
    area numeric(10,2) NOT NULL,
    area_units character varying(50) NOT NULL,
    lease_status character varying(1) NOT NULL,
    lastpayment_period integer,
    registration_date date NOT NULL,
    lastpayment_date date,
    landuse_type_id bigint NOT NULL,
    CONSTRAINT registered_lease_zone_number_check CHECK ((zone_number >= 0))
);


ALTER TABLE public.registered_lease OWNER TO postgres;

--
-- Name: registered_lease_id_seq; Type: SEQUENCE; Schema: public; Owner: postgres
--

ALTER TABLE public.registered_lease ALTER COLUMN id ADD GENERATED BY DEFAULT AS IDENTITY (
    SEQUENCE NAME public.registered_lease_id_seq
    START WITH 1
    INCREMENT BY 1
    NO MINVALUE
    NO MAXVALUE
    CACHE 1
);


--
-- Name: registered_surrendered_lease; Type: TABLE; Schema: public; Owner: postgres
--

CREATE TABLE public.registered_surrendered_lease (
    lease_number_id bigint NOT NULL,
    surrender_date date NOT NULL,
    comments character varying(500) NOT NULL
);


ALTER TABLE public.registered_surrendered_lease OWNER TO postgres;

--
-- Name: testing; Type: TABLE; Schema: public; Owner: postgres
--

CREATE TABLE public.testing (
    name character varying(255),
    description character varying(255)
);


ALTER TABLE public.testing OWNER TO postgres;

--
-- Data for Name: auth_group; Type: TABLE DATA; Schema: public; Owner: postgres
--

COPY public.auth_group (id, name) FROM stdin;
\.


--
-- Data for Name: auth_group_permissions; Type: TABLE DATA; Schema: public; Owner: postgres
--

COPY public.auth_group_permissions (id, group_id, permission_id) FROM stdin;
\.


--
-- Data for Name: auth_permission; Type: TABLE DATA; Schema: public; Owner: postgres
--

COPY public.auth_permission (id, name, content_type_id, codename) FROM stdin;
1	Can add log entry	1	add_logentry
2	Can change log entry	1	change_logentry
3	Can delete log entry	1	delete_logentry
4	Can view log entry	1	view_logentry
5	Can add permission	2	add_permission
6	Can change permission	2	change_permission
7	Can delete permission	2	delete_permission
8	Can view permission	2	view_permission
9	Can add group	3	add_group
10	Can change group	3	change_group
11	Can delete group	3	delete_group
12	Can view group	3	view_group
13	Can add user	4	add_user
14	Can change user	4	change_user
15	Can delete user	4	delete_user
16	Can view user	4	view_user
17	Can add content type	5	add_contenttype
18	Can change content type	5	change_contenttype
19	Can delete content type	5	delete_contenttype
20	Can view content type	5	view_contenttype
21	Can add session	6	add_session
22	Can change session	6	change_session
23	Can delete session	6	delete_session
24	Can view session	6	view_session
25	Can add landuse_ type	7	add_landuse_type
26	Can change landuse_ type	7	change_landuse_type
27	Can delete landuse_ type	7	delete_landuse_type
28	Can view landuse_ type	7	view_landuse_type
29	Can add lease	8	add_lease
30	Can change lease	8	change_lease
31	Can delete lease	8	delete_lease
32	Can view lease	8	view_lease
33	Can add surrendered_lease	9	add_surrendered_lease
34	Can change surrendered_lease	9	change_surrendered_lease
35	Can delete surrendered_lease	9	delete_surrendered_lease
36	Can view surrendered_lease	9	view_surrendered_lease
37	Can add alter_ land use	10	add_alter_landuse
38	Can change alter_ land use	10	change_alter_landuse
39	Can delete alter_ land use	10	delete_alter_landuse
40	Can view alter_ land use	10	view_alter_landuse
41	Can add adjusted_area	11	add_adjusted_area
42	Can change adjusted_area	11	change_adjusted_area
43	Can delete adjusted_area	11	delete_adjusted_area
44	Can view adjusted_area	11	view_adjusted_area
45	Can add reference_table	12	add_reference_table
46	Can change reference_table	12	change_reference_table
47	Can delete reference_table	12	delete_reference_table
48	Can view reference_table	12	view_reference_table
49	Can add bill	13	add_bill
50	Can change bill	13	change_bill
51	Can delete bill	13	delete_bill
52	Can view bill	13	view_bill
53	Can add bill_details	14	add_bill_details
54	Can change bill_details	14	change_bill_details
55	Can delete bill_details	14	delete_bill_details
56	Can view bill_details	14	view_bill_details
57	Can add Bill Closing	15	add_bill_finale
58	Can change Bill Closing	15	change_bill_finale
59	Can delete Bill Closing	15	delete_bill_finale
60	Can view Bill Closing	15	view_bill_finale
\.


--
-- Data for Name: auth_user; Type: TABLE DATA; Schema: public; Owner: postgres
--

COPY public.auth_user (id, password, last_login, is_superuser, username, first_name, last_name, email, is_staff, is_active, date_joined) FROM stdin;
3	pbkdf2_sha256$390000$j7dJIBQdqnfZ0RJasL8RKN$uvE6fhnpIVVjLI2dLyAXmFtBp+eX8SKoQP/bHIgaUtI=	2023-02-13 10:15:39.920275+00	f	thabang				t	t	2023-02-13 09:58:16+00
4	pbkdf2_sha256$390000$1u79cp9iZphZMQOimPayEi$F1xvRIW5q29hyOcXkzgDtlz8/DWxFjNvOh49k33mTCw=	\N	f	Thabiso				f	t	2023-02-13 13:27:32.139323+00
1	pbkdf2_sha256$390000$4bpfu9ek0HmCOhBhruIOhE$c8iD0afPh2cT4fK0KS06VmCFaMredRHinNzZOe0Auro=	2023-02-13 13:59:15.944909+00	t	mnkoe			mokoangnkoe@gmail.com	t	t	2023-02-07 15:04:55.971232+00
5	pbkdf2_sha256$390000$UCX5z21keupquZU6lJs794$t8fahx729DwxMIlV5pDP4AKWXjJx94FwfD4PSlqlmxk=	\N	f	monkoe				f	t	2023-02-13 19:13:15.579517+00
6	pbkdf2_sha256$390000$wFgGwl0m5ou3KjqUUag06r$MHUVa5hSJIjnUtUIWtNisYMHeYtrcBcS5ByljDY38HE=	\N	t	mokoang			mokoangnkoe@gmail.com	t	t	2023-02-14 12:08:05.184461+00
\.


--
-- Data for Name: auth_user_groups; Type: TABLE DATA; Schema: public; Owner: postgres
--

COPY public.auth_user_groups (id, user_id, group_id) FROM stdin;
\.


--
-- Data for Name: auth_user_user_permissions; Type: TABLE DATA; Schema: public; Owner: postgres
--

COPY public.auth_user_user_permissions (id, user_id, permission_id) FROM stdin;
1	3	49
2	3	37
\.


--
-- Data for Name: django_admin_log; Type: TABLE DATA; Schema: public; Owner: postgres
--

COPY public.django_admin_log (id, action_time, object_id, object_repr, action_flag, change_message, content_type_id, user_id) FROM stdin;
323	2023-02-09 12:11:43.510557+00	None	Bill_finale object (None)	1	[{"added": {}}]	15	1
324	2023-02-09 12:15:25.875363+00	None	Bill_finale object (None)	1	[{"added": {}}]	15	1
325	2023-02-09 12:15:54.834355+00	None	Bill_finale object (None)	1	[{"added": {}}]	15	1
326	2023-02-09 12:16:45.716453+00	None	Bill_finale object (None)	1	[{"added": {}}]	15	1
327	2023-02-09 15:09:23.972089+00	None	Bill object (None)	1	[{"added": {}}]	13	1
328	2023-02-09 15:11:02.372298+00	None	Bill object (None)	1	[{"added": {}}]	13	1
329	2023-02-09 15:38:29.899797+00	7	alter_LandUse object (7)	1	[{"added": {}}]	10	1
330	2023-02-09 15:39:44.366288+00	None	Bill object (None)	1	[{"added": {}}]	13	1
331	2023-02-09 15:52:49.894328+00	None	Bill object (None)	1	[{"added": {}}]	13	1
332	2023-02-09 16:04:40.408427+00	None	Bill object (None)	1	[{"added": {}}]	13	1
333	2023-02-09 18:51:01.04346+00	None	Bill object (None)	1	[{"added": {}}]	13	1
334	2023-02-09 18:57:41.419716+00	None	Bill object (None)	1	[{"added": {}}]	13	1
335	2023-02-09 19:00:45.060216+00	None	Bill object (None)	1	[{"added": {}}]	13	1
336	2023-02-09 19:05:13.151767+00	None	Bill object (None)	1	[{"added": {}}]	13	1
337	2023-02-09 19:11:49.223836+00	None	Bill object (None)	1	[{"added": {}}]	13	1
338	2023-02-09 19:17:58.884281+00	None	Bill object (None)	1	[{"added": {}}]	13	1
339	2023-02-09 19:19:39.473546+00	None	Bill object (None)	1	[{"added": {}}]	13	1
340	2023-02-09 19:42:42.245012+00	None	Bill object (None)	1	[{"added": {}}]	13	1
341	2023-02-09 19:43:24.483928+00	None	Bill object (None)	1	[{"added": {}}]	13	1
342	2023-02-09 19:51:33.668179+00	None	Bill object (None)	1	[{"added": {}}]	13	1
343	2023-02-09 20:03:28.248499+00	None	Bill object (None)	1	[{"added": {}}]	13	1
344	2023-02-09 20:07:09.371491+00	None	Bill object (None)	1	[{"added": {}}]	13	1
345	2023-02-09 20:10:04.408026+00	None	Bill object (None)	1	[{"added": {}}]	13	1
346	2023-02-09 20:12:40.327027+00	None		1	[{"added": {}}]	13	1
347	2023-02-09 20:13:13.88709+00	None		1	[{"added": {}}]	13	1
348	2023-02-10 10:38:31.475467+00	8	alter_LandUse object (8)	1	[{"added": {}}]	10	1
349	2023-02-10 10:46:33.953149+00	9	adjusted_area object (9)	1	[{"added": {}}]	11	1
350	2023-02-10 10:46:33.997277+00	10	adjusted_area object (10)	1	[{"added": {}}]	11	1
351	2023-02-10 10:47:08.933117+00	11	adjusted_area object (11)	1	[{"added": {}}]	11	1
352	2023-02-10 10:47:38.059349+00	12	adjusted_area object (12)	1	[{"added": {}}]	11	1
353	2023-02-10 11:14:48.476368+00	None		1	[{"added": {}}]	13	1
354	2023-02-10 11:27:29.548588+00	14	adjusted_area object (14)	1	[{"added": {}}]	11	1
355	2023-02-10 11:28:01.634883+00	15	adjusted_area object (15)	1	[{"added": {}}]	11	1
356	2023-02-10 11:42:39.486016+00	18	adjusted_area object (18)	1	[{"added": {}}]	11	1
357	2023-02-10 11:44:52.19184+00	20	adjusted_area object (20)	1	[{"added": {}}]	11	1
358	2023-02-10 11:45:37.479202+00	21	adjusted_area object (21)	1	[{"added": {}}]	11	1
359	2023-02-10 11:48:57.822274+00	22	adjusted_area object (22)	1	[{"added": {}}]	11	1
360	2023-02-10 11:49:57.785512+00	23	adjusted_area object (23)	1	[{"added": {}}]	11	1
361	2023-02-10 12:06:18.587201+00	14	alter_LandUse object (14)	1	[{"added": {}}]	10	1
362	2023-02-10 12:06:49.989374+00	15	alter_LandUse object (15)	1	[{"added": {}}]	10	1
363	2023-02-10 12:16:35.347157+00	31	alter_LandUse object (31)	1	[{"added": {}}]	10	1
364	2023-02-10 12:23:20.29227+00	32	alter_LandUse object (32)	1	[{"added": {}}]	10	1
365	2023-02-10 12:28:48.749871+00	33	alter_LandUse object (33)	1	[{"added": {}}]	10	1
366	2023-02-10 12:30:59.538932+00	35	alter_LandUse object (35)	1	[{"added": {}}]	10	1
367	2023-02-10 12:31:54.873534+00	36	alter_LandUse object (36)	1	[{"added": {}}]	10	1
368	2023-02-10 12:32:57.240132+00	24	adjusted_area object (24)	1	[{"added": {}}]	11	1
369	2023-02-11 08:59:05.029484+00	2	ghghg	1	[{"added": {}}]	4	1
370	2023-02-11 09:01:35.356127+00	2	ghghg	3		4	1
371	2023-02-13 09:58:17.46836+00	3	thabang	1	[{"added": {}}]	4	1
372	2023-02-13 10:14:39.475006+00	3	thabang	2	[{"changed": {"fields": ["User permissions"]}}]	4	1
373	2023-02-13 10:15:16.409316+00	3	thabang	2	[{"changed": {"fields": ["Staff status"]}}]	4	1
374	2023-02-13 15:07:18.685066+00	None		1	[{"added": {}}]	13	1
375	2023-02-13 13:27:32.428533+00	4	Thabiso	1	[{"added": {}}]	4	1
376	2023-02-13 19:13:15.820488+00	5	monkoe	1	[{"added": {}}]	4	1
\.


--
-- Data for Name: django_content_type; Type: TABLE DATA; Schema: public; Owner: postgres
--

COPY public.django_content_type (id, app_label, model) FROM stdin;
1	admin	logentry
2	auth	permission
3	auth	group
4	auth	user
5	contenttypes	contenttype
6	sessions	session
7	registered	landuse_type
8	registered	lease
9	registered	surrendered_lease
10	registered	alter_landuse
11	registered	adjusted_area
12	lease_bills	reference_table
13	lease_bills	bill
14	lease_bills	bill_details
15	lease_bills	bill_finale
\.


--
-- Data for Name: django_migrations; Type: TABLE DATA; Schema: public; Owner: postgres
--

COPY public.django_migrations (id, app, name, applied) FROM stdin;
1	contenttypes	0001_initial	2023-02-07 15:04:00.793433+00
2	auth	0001_initial	2023-02-07 15:04:01.729112+00
3	admin	0001_initial	2023-02-07 15:04:01.9286+00
4	admin	0002_logentry_remove_auto_add	2023-02-07 15:04:01.940349+00
5	admin	0003_logentry_add_action_flag_choices	2023-02-07 15:04:01.949014+00
6	contenttypes	0002_remove_content_type_name	2023-02-07 15:04:01.967155+00
7	auth	0002_alter_permission_name_max_length	2023-02-07 15:04:01.983351+00
8	auth	0003_alter_user_email_max_length	2023-02-07 15:04:02.003537+00
9	auth	0004_alter_user_username_opts	2023-02-07 15:04:02.017626+00
10	auth	0005_alter_user_last_login_null	2023-02-07 15:04:02.033666+00
11	auth	0006_require_contenttypes_0002	2023-02-07 15:04:02.045077+00
12	auth	0007_alter_validators_add_error_messages	2023-02-07 15:04:02.058128+00
13	auth	0008_alter_user_username_max_length	2023-02-07 15:04:02.129607+00
14	auth	0009_alter_user_last_name_max_length	2023-02-07 15:04:02.141821+00
15	auth	0010_alter_group_name_max_length	2023-02-07 15:04:02.149916+00
16	auth	0011_update_proxy_permissions	2023-02-07 15:04:02.167805+00
17	auth	0012_alter_user_first_name_max_length	2023-02-07 15:04:02.180599+00
18	registered	0001_initial	2023-02-07 15:04:02.839574+00
19	registered	0002_alter_lease_lastpayment_date	2023-02-07 15:04:02.84768+00
20	lease_bills	0001_initial	2023-02-07 15:04:03.353661+00
21	lease_bills	0002_alter_bill_billing_date	2023-02-07 15:04:03.367644+00
22	lease_bills	0003_bill_bill_description	2023-02-07 15:04:03.428797+00
23	lease_bills	0004_bill_details	2023-02-07 15:04:03.558796+00
24	lease_bills	0005_alter_bill_details_invoice_number	2023-02-07 15:04:03.678859+00
25	lease_bills	0006_bill_details_zone_number	2023-02-07 15:04:03.693871+00
26	sessions	0001_initial	2023-02-07 15:04:03.878907+00
27	lease_bills	0007_bill_finale_alter_bill_options_and_more	2023-02-09 12:04:37.617276+00
28	registered	0003_alter_adjusted_area_options_and_more	2023-02-13 19:11:12.32877+00
\.


--
-- Data for Name: django_session; Type: TABLE DATA; Schema: public; Owner: postgres
--

COPY public.django_session (session_key, session_data, expire_date) FROM stdin;
m739mptjcjxfo0ddmxhq5hk2c1ez2jgv	.eJxVjMsOgjAQRf-la9MMLe2AS_d-A-k8alEDCYWV8d-VhIVu7znnvsyQtrUMW9VlGMWcTWNOvxslfui0A7mn6TZbnqd1Gcnuij1otddZ9Hk53L-Dkmr51khMvkPoRQAkaqudyz63SOQgBIxAGLyGCKl3yEjArnFtl8WTV87m_QHczjfL:1pPTZz:2pur9oWoOITS7nNv3yLY1vHun_fn-FkUGuOyIJM91W0	2023-02-21 19:24:35.025374+00
5up02qf1hw0w9e0aqie8xeg4ed66apjj	.eJxVjMsOgjAQRf-la9MMLe2AS_d-A-k8alEDCYWV8d-VhIVu7znnvsyQtrUMW9VlGMWcTWNOvxslfui0A7mn6TZbnqd1Gcnuij1otddZ9Hk53L-Dkmr51khMvkPoRQAkaqudyz63SOQgBIxAGLyGCKl3yEjArnFtl8WTV87m_QHczjfL:1pRZy3:kR_v89TQFgxHKBwg4HTXCU_lD0IEo7a5wb-H9_FaYbY	2023-02-27 14:38:07.267194+00
rurrmj5qwt7fx3powi7rw3phzic7rpvf	.eJxVjMsOgjAQRf-la9MMLe2AS_d-A-k8alEDCYWV8d-VhIVu7znnvsyQtrUMW9VlGMWcTWNOvxslfui0A7mn6TZbnqd1Gcnuij1otddZ9Hk53L-Dkmr51khMvkPoRQAkaqudyz63SOQgBIxAGLyGCKl3yEjArnFtl8WTV87m_QHczjfL:1pRaU6:hN3-5nMrCdSrZ3897Fl_m3E1x2gqgCS_z334uGF5e6I	2023-02-27 15:11:14.169924+00
ph7f69thxyx2iq62xe0yzpf2kl0rwcah	.eJxVjMsOgjAQRf-la9MMLe2AS_d-A-k8alEDCYWV8d-VhIVu7znnvsyQtrUMW9VlGMWcTWNOvxslfui0A7mn6TZbnqd1Gcnuij1otddZ9Hk53L-Dkmr51khMvkPoRQAkaqudyz63SOQgBIxAGLyGCKl3yEjArnFtl8WTV87m_QHczjfL:1pRZMR:2iXNEEZNyd_EFai8gxepUSlXh-Y1RO-2bftTS3mNFF4	2023-02-27 13:59:15.946906+00
\.


--
-- Data for Name: lease_bills_bill; Type: TABLE DATA; Schema: public; Owner: postgres
--

COPY public.lease_bills_bill (id, billing_date, invoice_number, balance, lease_number_id, bill_description) FROM stdin;
256	2023-02-10	INV-20230210000256	2067.02	3	Bill for Feb 2023
257	2023-02-10	INV-20230210000257	3551.58	4	Bill for Feb 2023
258	2023-02-10	INV-20230210000258	1513.86	5	Bill for Feb 2023
259	2023-02-10	INV-20230210000259	3605.18	6	Bill for Feb 2023
260	2023-02-10	INV-20230210000260	1099.25	7	Bill for Feb 2023
261	2023-02-10	INV-20230210000261	930.34	8	Bill for Feb 2023
262	2023-02-10	INV-20230210000262	2683.22	9	Bill for Feb 2023
263	2023-02-10	INV-20230210000263	6849.84	1	Bill for Feb 2023
264	2023-02-10	INV-20230210000264	5050.22	2	Bill for Feb 2023
265	2023-02-13	INV-20230213000265	3551.58	4	Bill for Feb 2023
266	2023-02-13	INV-20230213000266	1513.86	5	Bill for Feb 2023
267	2023-02-13	INV-20230213000267	3605.18	6	Bill for Feb 2023
268	2023-02-13	INV-20230213000268	1099.25	7	Bill for Feb 2023
269	2023-02-13	INV-20230213000269	930.34	8	Bill for Feb 2023
270	2023-02-13	INV-20230213000270	2683.22	9	Bill for Feb 2023
271	2023-02-13	INV-20230213000271	4660.44	2	Bill for Feb 2023
272	2023-02-13	INV-20230213000272	11532.79	1	Bill for Feb 2023
273	2023-02-13	INV-20230213000273	3563.44	3	Bill for Feb 2023
\.


--
-- Data for Name: lease_bills_bill_details; Type: TABLE DATA; Schema: public; Owner: postgres
--

COPY public.lease_bills_bill_details (id, period, penalty, fixed_rate, amount, invoice_number, landuse_type_id, zone_number, official_area, area_units) FROM stdin;
1246	2019	20.23	0.80	577.10	INV-20230210000256	1	3	600.00	m²
1247	2020	20.23	0.30	216.41	INV-20230210000256	1	3	600.00	m²
1248	2021	20.23	0.80	577.10	INV-20230210000256	1	3	600.00	m²
1249	2022	20.23	0.30	216.41	INV-20230210000256	1	3	600.00	m²
1250	2023	0.00	0.80	480.00	INV-20230210000256	1	3	600.00	m²
1251	2017	20.23	0.70	757.45	INV-20230210000257	1	4	900.00	m²
1252	2018	20.23	0.20	216.41	INV-20230210000257	1	4	900.00	m²
1253	2019	20.23	0.70	757.45	INV-20230210000257	1	4	900.00	m²
1254	2020	20.23	0.20	216.41	INV-20230210000257	1	4	900.00	m²
1255	2021	20.23	0.70	757.45	INV-20230210000257	1	4	900.00	m²
1256	2022	20.23	0.20	216.41	INV-20230210000257	1	4	900.00	m²
1257	2023	0.00	0.70	630.00	INV-20230210000257	1	4	900.00	m²
1258	2020	20.23	0.15	162.31	INV-20230210000258	1	5	900.00	m²
1259	2021	20.23	0.60	649.24	INV-20230210000258	1	5	900.00	m²
1260	2022	20.23	0.15	162.31	INV-20230210000258	1	5	900.00	m²
1261	2023	0.00	0.60	540.00	INV-20230210000258	1	5	900.00	m²
1262	2019	20.23	0.60	1082.07	INV-20230210000259	1	5	1500.00	m²
1263	2020	20.23	0.15	270.52	INV-20230210000259	1	5	1500.00	m²
1264	2021	20.23	0.60	1082.07	INV-20230210000259	1	5	1500.00	m²
1265	2022	20.23	0.15	270.52	INV-20230210000259	1	5	1500.00	m²
1266	2023	0.00	0.60	900.00	INV-20230210000259	1	5	1500.00	m²
1267	2021	20.23	0.50	541.04	INV-20230210000260	1	6	900.00	m²
1268	2022	20.23	0.10	108.21	INV-20230210000260	1	6	900.00	m²
1269	2023	0.00	0.50	450.00	INV-20230210000260	1	6	900.00	m²
1270	2022	20.23	0.10	180.34	INV-20230210000261	1	6	1500.00	m²
1271	2023	0.00	0.50	750.00	INV-20230210000261	1	6	1500.00	m²
1272	2020	20.23	0.10	240.46	INV-20230210000262	1	6	2000.00	m²
1273	2021	20.23	0.50	1202.30	INV-20230210000262	1	6	2000.00	m²
1274	2022	20.23	0.10	240.46	INV-20230210000262	1	6	2000.00	m²
1275	2023	0.00	0.50	1000.00	INV-20230210000262	1	6	2000.00	m²
1276	2016	20.23	0.40	432.83	INV-20230210000263	1	1	900.00	m²
1277	2017	20.23	0.90	973.86	INV-20230210000263	1	1	900.00	m²
1278	2018	20.23	0.40	432.83	INV-20230210000263	1	1	900.00	m²
1279	2019	20.23	0.90	1027.97	INV-20230210000263	2	1	950.00	m²
1280	2020	20.23	0.40	577.10	INV-20230210000263	3	1	1200.00	m²
1281	2021	20.23	0.90	1190.28	INV-20230210000263	1	1	1100.00	m²
1282	2022	20.23	0.40	504.97	INV-20230210000263	4	1	1050.00	m²
1283	2023	0.00	0.90	1710.00	INV-20230210000263	5	1	1900.00	m²
1284	2017	20.23	0.85	510.98	INV-20230210000264	1	2	500.00	m²
1285	2018	20.23	0.35	210.40	INV-20230210000264	1	2	500.00	m²
1286	2019	20.23	0.85	510.98	INV-20230210000264	1	2	500.00	m²
1287	2020	20.23	0.35	378.72	INV-20230210000264	1	2	900.00	m²
1288	2021	20.23	0.85	1532.93	INV-20230210000264	1	2	1500.00	m²
1289	2022	20.23	0.35	631.21	INV-20230210000264	1	2	1500.00	m²
1290	2023	0.00	0.85	1275.00	INV-20230210000264	1	2	1500.00	m²
1291	2017	20.23	0.70	757.45	INV-20230213000265	1	4	900.00	m²
1292	2018	20.23	0.20	216.41	INV-20230213000265	1	4	900.00	m²
1293	2019	20.23	0.70	757.45	INV-20230213000265	1	4	900.00	m²
1294	2020	20.23	0.20	216.41	INV-20230213000265	1	4	900.00	m²
1295	2021	20.23	0.70	757.45	INV-20230213000265	1	4	900.00	m²
1296	2022	20.23	0.20	216.41	INV-20230213000265	1	4	900.00	m²
1297	2023	0.00	0.70	630.00	INV-20230213000265	1	4	900.00	m²
1298	2020	20.23	0.15	162.31	INV-20230213000266	1	5	900.00	m²
1299	2021	20.23	0.60	649.24	INV-20230213000266	1	5	900.00	m²
1300	2022	20.23	0.15	162.31	INV-20230213000266	1	5	900.00	m²
1301	2023	0.00	0.60	540.00	INV-20230213000266	1	5	900.00	m²
1302	2019	20.23	0.60	1082.07	INV-20230213000267	1	5	1500.00	m²
1303	2020	20.23	0.15	270.52	INV-20230213000267	1	5	1500.00	m²
1304	2021	20.23	0.60	1082.07	INV-20230213000267	1	5	1500.00	m²
1305	2022	20.23	0.15	270.52	INV-20230213000267	1	5	1500.00	m²
1306	2023	0.00	0.60	900.00	INV-20230213000267	1	5	1500.00	m²
1307	2021	20.23	0.50	541.04	INV-20230213000268	1	6	900.00	m²
1308	2022	20.23	0.10	108.21	INV-20230213000268	1	6	900.00	m²
1309	2023	0.00	0.50	450.00	INV-20230213000268	1	6	900.00	m²
1310	2022	20.23	0.10	180.34	INV-20230213000269	1	6	1500.00	m²
1311	2023	0.00	0.50	750.00	INV-20230213000269	1	6	1500.00	m²
1312	2020	20.23	0.10	240.46	INV-20230213000270	1	6	2000.00	m²
1313	2021	20.23	0.50	1202.30	INV-20230213000270	1	6	2000.00	m²
1314	2022	20.23	0.10	240.46	INV-20230213000270	1	6	2000.00	m²
1315	2023	0.00	0.50	1000.00	INV-20230213000270	1	6	2000.00	m²
1316	2017	20.23	0.85	919.76	INV-20230213000271	1	2	900.00	m²
1317	2018	20.23	0.35	378.72	INV-20230213000271	1	2	900.00	m²
1318	2019	20.23	0.85	919.76	INV-20230213000271	1	2	900.00	m²
1319	2020	20.23	0.35	378.72	INV-20230213000271	1	2	900.00	m²
1320	2021	20.23	0.85	919.76	INV-20230213000271	1	2	900.00	m²
1321	2022	20.23	0.35	378.72	INV-20230213000271	1	2	900.00	m²
1322	2023	0.00	0.85	765.00	INV-20230213000271	1	2	900.00	m²
1323	2016	20.23	0.40	913.75	INV-20230213000272	1	1	1900.00	m²
1324	2017	20.23	0.90	2055.93	INV-20230213000272	1	1	1900.00	m²
1325	2018	20.23	0.40	913.75	INV-20230213000272	1	1	1900.00	m²
1326	2019	20.23	0.90	2055.93	INV-20230213000272	2	1	1900.00	m²
1327	2020	20.23	0.40	913.75	INV-20230213000272	2	1	1900.00	m²
1328	2021	20.23	0.90	2055.93	INV-20230213000272	1	1	1900.00	m²
1329	2022	20.23	0.40	913.75	INV-20230213000272	4	1	1900.00	m²
1330	2023	0.00	0.90	1710.00	INV-20230213000272	5	1	1900.00	m²
1331	2019	20.23	0.80	1250.39	INV-20230213000273	4	3	1300.00	m²
1332	2020	20.23	0.30	468.90	INV-20230213000273	2	3	1300.00	m²
1333	2021	20.23	0.80	817.56	INV-20230213000273	3	3	850.00	m²
1334	2022	20.23	0.30	306.59	INV-20230213000273	3	3	850.00	m²
1335	2023	0.00	0.80	720.00	INV-20230213000273	3	3	900.00	m²
\.


--
-- Data for Name: lease_bills_bill_finale; Type: TABLE DATA; Schema: public; Owner: postgres
--

COPY public.lease_bills_bill_finale (id, closing_date, period, description) FROM stdin;
2	2023-02-09	2023	Tthis is the  closing date for bills in 2023
4	2022-02-09	2022	This is the closing date for bills in 2022
5	2021-02-09	2021	This is the closing date for bills in 2021
6	2020-02-09	2020	This is the closing date for bills in 2020
\.


--
-- Data for Name: lease_bills_reference_table; Type: TABLE DATA; Schema: public; Owner: postgres
--

COPY public.lease_bills_reference_table (id, record_date, zone_number, period, fixed_rate, penalty, rate_status, landuse_type_id) FROM stdin;
337	2023-02-08	6	2023	0.50	20.23	A	5
338	2023-02-08	5	2023	0.60	20.23	A	5
339	2023-02-08	4	2023	0.70	20.23	A	5
340	2023-02-08	3	2023	0.80	20.23	A	5
341	2023-02-08	2	2023	0.85	20.23	A	5
342	2023-02-08	1	2023	0.90	20.23	A	5
343	2023-02-08	6	2022	0.10	20.23	I	5
344	2023-02-08	5	2022	0.15	20.23	I	5
345	2023-02-08	4	2022	0.20	20.23	I	5
346	2023-02-08	3	2022	0.30	20.23	I	5
347	2023-02-08	2	2022	0.35	20.23	I	5
348	2023-02-08	1	2022	0.40	20.23	I	5
13	2023-02-08	1	2023	0.90	20.23	A	1
14	2023-02-08	2	2023	0.85	20.23	A	1
15	2023-02-08	3	2023	0.80	20.23	A	1
16	2023-02-08	4	2023	0.70	20.23	A	1
17	2023-02-08	5	2023	0.60	20.23	A	1
18	2023-02-08	6	2023	0.50	20.23	A	1
19	2023-02-08	1	2022	0.40	20.23	I	1
20	2023-02-08	2	2022	0.35	20.23	I	1
21	2023-02-08	3	2022	0.30	20.23	I	1
22	2023-02-08	4	2022	0.20	20.23	I	1
23	2023-02-08	5	2022	0.15	20.23	I	1
24	2023-02-08	6	2022	0.10	20.23	I	1
349	2023-02-08	6	2021	0.50	20.23	I	5
350	2023-02-08	5	2021	0.60	20.23	I	5
351	2023-02-08	4	2021	0.70	20.23	I	5
352	2023-02-08	3	2021	0.80	20.23	I	5
353	2023-02-08	2	2021	0.85	20.23	I	5
354	2023-02-08	1	2021	0.90	20.23	I	5
355	2023-02-08	6	2020	0.10	20.23	I	5
356	2023-02-08	5	2020	0.15	20.23	I	5
357	2023-02-08	4	2020	0.20	20.23	I	5
358	2023-02-08	3	2020	0.30	20.23	I	5
359	2023-02-08	2	2020	0.35	20.23	I	5
360	2023-02-08	1	2020	0.40	20.23	I	5
361	2023-02-08	6	2019	0.50	20.23	I	5
362	2023-02-08	5	2019	0.60	20.23	I	5
363	2023-02-08	4	2019	0.70	20.23	I	5
364	2023-02-08	3	2019	0.80	20.23	I	5
365	2023-02-08	2	2019	0.85	20.23	I	5
366	2023-02-08	1	2019	0.90	20.23	I	5
367	2023-02-08	6	2018	0.10	20.23	I	5
368	2023-02-08	5	2018	0.15	20.23	I	5
369	2023-02-08	4	2018	0.20	20.23	I	5
370	2023-02-08	3	2018	0.30	20.23	I	5
371	2023-02-08	2	2018	0.35	20.23	I	5
372	2023-02-08	1	2018	0.40	20.23	I	5
49	2023-02-08	1	2019	0.90	20.23	I	1
50	2023-02-08	2	2019	0.85	20.23	I	1
51	2023-02-08	3	2019	0.80	20.23	I	1
52	2023-02-08	4	2019	0.70	20.23	I	1
53	2023-02-08	5	2019	0.60	20.23	I	1
54	2023-02-08	6	2019	0.50	20.23	I	1
55	2023-02-08	1	2018	0.40	20.23	I	1
56	2023-02-08	2	2018	0.35	20.23	I	1
57	2023-02-08	3	2018	0.30	20.23	I	1
58	2023-02-08	4	2018	0.20	20.23	I	1
59	2023-02-08	5	2018	0.15	20.23	I	1
60	2023-02-08	6	2018	0.10	20.23	I	1
61	2023-02-08	1	2017	0.90	20.23	I	1
62	2023-02-08	2	2017	0.85	20.23	I	1
63	2023-02-08	3	2017	0.80	20.23	I	1
64	2023-02-08	4	2017	0.70	20.23	I	1
65	2023-02-08	5	2017	0.60	20.23	I	1
66	2023-02-08	6	2017	0.50	20.23	I	1
67	2023-02-08	1	2016	0.40	20.23	I	1
68	2023-02-08	2	2016	0.35	20.23	I	1
69	2023-02-08	3	2016	0.30	20.23	I	1
70	2023-02-08	4	2016	0.20	20.23	I	1
71	2023-02-08	5	2016	0.15	20.23	I	1
72	2023-02-08	6	2016	0.10	20.23	I	1
373	2023-02-08	6	2017	0.50	20.23	I	5
374	2023-02-08	5	2017	0.60	20.23	I	5
375	2023-02-08	4	2017	0.70	20.23	I	5
376	2023-02-08	3	2017	0.80	20.23	I	5
377	2023-02-08	2	2017	0.85	20.23	I	5
378	2023-02-08	1	2017	0.90	20.23	I	5
379	2023-02-08	6	2016	0.10	20.23	I	5
380	2023-02-08	5	2016	0.15	20.23	I	5
381	2023-02-08	4	2016	0.20	20.23	I	5
382	2023-02-08	3	2016	0.30	20.23	I	5
383	2023-02-08	2	2016	0.35	20.23	I	5
384	2023-02-08	1	2016	0.40	20.23	I	5
85	2023-02-08	1	2021	0.90	20.23	I	1
86	2023-02-08	2	2021	0.85	20.23	I	1
87	2023-02-08	3	2021	0.80	20.23	I	1
88	2023-02-08	4	2021	0.70	20.23	I	1
89	2023-02-08	5	2021	0.60	20.23	I	1
90	2023-02-08	6	2021	0.50	20.23	I	1
91	2023-02-08	1	2020	0.40	20.23	I	1
92	2023-02-08	2	2020	0.35	20.23	I	1
93	2023-02-08	3	2020	0.30	20.23	I	1
94	2023-02-08	4	2020	0.20	20.23	I	1
95	2023-02-08	5	2020	0.15	20.23	I	1
96	2023-02-08	6	2020	0.10	20.23	I	1
241	2023-02-08	6	2023	0.50	20.23	A	3
242	2023-02-08	5	2023	0.60	20.23	A	3
243	2023-02-08	4	2023	0.70	20.23	A	3
244	2023-02-08	3	2023	0.80	20.23	A	3
245	2023-02-08	2	2023	0.85	20.23	A	3
246	2023-02-08	1	2023	0.90	20.23	A	3
247	2023-02-08	6	2022	0.10	20.23	I	3
248	2023-02-08	5	2022	0.15	20.23	I	3
249	2023-02-08	4	2022	0.20	20.23	I	3
250	2023-02-08	3	2022	0.30	20.23	I	3
251	2023-02-08	2	2022	0.35	20.23	I	3
252	2023-02-08	1	2022	0.40	20.23	I	3
253	2023-02-08	6	2021	0.50	20.23	I	3
254	2023-02-08	5	2021	0.60	20.23	I	3
255	2023-02-08	4	2021	0.70	20.23	I	3
256	2023-02-08	3	2021	0.80	20.23	I	3
257	2023-02-08	2	2021	0.85	20.23	I	3
258	2023-02-08	1	2021	0.90	20.23	I	3
259	2023-02-08	6	2020	0.10	20.23	I	3
260	2023-02-08	5	2020	0.15	20.23	I	3
261	2023-02-08	4	2020	0.20	20.23	I	3
262	2023-02-08	3	2020	0.30	20.23	I	3
263	2023-02-08	2	2020	0.35	20.23	I	3
264	2023-02-08	1	2020	0.40	20.23	I	3
265	2023-02-08	6	2019	0.50	20.23	I	3
266	2023-02-08	5	2019	0.60	20.23	I	3
267	2023-02-08	4	2019	0.70	20.23	I	3
268	2023-02-08	3	2019	0.80	20.23	I	3
269	2023-02-08	2	2019	0.85	20.23	I	3
270	2023-02-08	1	2019	0.90	20.23	I	3
271	2023-02-08	6	2018	0.10	20.23	I	3
272	2023-02-08	5	2018	0.15	20.23	I	3
273	2023-02-08	4	2018	0.20	20.23	I	3
274	2023-02-08	3	2018	0.30	20.23	I	3
275	2023-02-08	2	2018	0.35	20.23	I	3
276	2023-02-08	1	2018	0.40	20.23	I	3
277	2023-02-08	6	2017	0.50	20.23	I	3
145	2023-02-08	6	2023	0.50	20.23	A	4
146	2023-02-08	5	2023	0.60	20.23	A	4
147	2023-02-08	4	2023	0.70	20.23	A	4
148	2023-02-08	3	2023	0.80	20.23	A	4
149	2023-02-08	2	2023	0.85	20.23	A	4
150	2023-02-08	1	2023	0.90	20.23	A	4
151	2023-02-08	6	2022	0.10	20.23	I	4
152	2023-02-08	5	2022	0.15	20.23	I	4
153	2023-02-08	4	2022	0.20	20.23	I	4
154	2023-02-08	3	2022	0.30	20.23	I	4
155	2023-02-08	2	2022	0.35	20.23	I	4
156	2023-02-08	1	2022	0.40	20.23	I	4
157	2023-02-08	6	2021	0.50	20.23	I	4
158	2023-02-08	5	2021	0.60	20.23	I	4
159	2023-02-08	4	2021	0.70	20.23	I	4
160	2023-02-08	3	2021	0.80	20.23	I	4
161	2023-02-08	2	2021	0.85	20.23	I	4
162	2023-02-08	1	2021	0.90	20.23	I	4
163	2023-02-08	6	2020	0.10	20.23	I	4
164	2023-02-08	5	2020	0.15	20.23	I	4
165	2023-02-08	4	2020	0.20	20.23	I	4
166	2023-02-08	3	2020	0.30	20.23	I	4
167	2023-02-08	2	2020	0.35	20.23	I	4
168	2023-02-08	1	2020	0.40	20.23	I	4
169	2023-02-08	6	2019	0.50	20.23	I	4
170	2023-02-08	5	2019	0.60	20.23	I	4
171	2023-02-08	4	2019	0.70	20.23	I	4
172	2023-02-08	3	2019	0.80	20.23	I	4
173	2023-02-08	2	2019	0.85	20.23	I	4
174	2023-02-08	1	2019	0.90	20.23	I	4
175	2023-02-08	6	2018	0.10	20.23	I	4
176	2023-02-08	5	2018	0.15	20.23	I	4
177	2023-02-08	4	2018	0.20	20.23	I	4
178	2023-02-08	3	2018	0.30	20.23	I	4
179	2023-02-08	2	2018	0.35	20.23	I	4
180	2023-02-08	1	2018	0.40	20.23	I	4
181	2023-02-08	6	2017	0.50	20.23	I	4
182	2023-02-08	5	2017	0.60	20.23	I	4
183	2023-02-08	4	2017	0.70	20.23	I	4
184	2023-02-08	3	2017	0.80	20.23	I	4
185	2023-02-08	2	2017	0.85	20.23	I	4
186	2023-02-08	1	2017	0.90	20.23	I	4
187	2023-02-08	6	2016	0.10	20.23	I	4
188	2023-02-08	5	2016	0.15	20.23	I	4
189	2023-02-08	4	2016	0.20	20.23	I	4
190	2023-02-08	3	2016	0.30	20.23	I	4
191	2023-02-08	2	2016	0.35	20.23	I	4
192	2023-02-08	1	2016	0.40	20.23	I	4
278	2023-02-08	5	2017	0.60	20.23	I	3
279	2023-02-08	4	2017	0.70	20.23	I	3
280	2023-02-08	3	2017	0.80	20.23	I	3
281	2023-02-08	2	2017	0.85	20.23	I	3
282	2023-02-08	1	2017	0.90	20.23	I	3
283	2023-02-08	6	2016	0.10	20.23	I	3
284	2023-02-08	5	2016	0.15	20.23	I	3
285	2023-02-08	4	2016	0.20	20.23	I	3
286	2023-02-08	3	2016	0.30	20.23	I	3
287	2023-02-08	2	2016	0.35	20.23	I	3
288	2023-02-08	1	2016	0.40	20.23	I	3
433	2023-02-08	6	2023	0.50	20.23	A	2
434	2023-02-08	5	2023	0.60	20.23	A	2
435	2023-02-08	4	2023	0.70	20.23	A	2
436	2023-02-08	3	2023	0.80	20.23	A	2
437	2023-02-08	2	2023	0.85	20.23	A	2
438	2023-02-08	1	2023	0.90	20.23	A	2
439	2023-02-08	6	2022	0.10	20.23	I	2
440	2023-02-08	5	2022	0.15	20.23	I	2
441	2023-02-08	4	2022	0.20	20.23	I	2
442	2023-02-08	3	2022	0.30	20.23	I	2
443	2023-02-08	2	2022	0.35	20.23	I	2
444	2023-02-08	1	2022	0.40	20.23	I	2
445	2023-02-08	6	2021	0.50	20.23	I	2
446	2023-02-08	5	2021	0.60	20.23	I	2
447	2023-02-08	4	2021	0.70	20.23	I	2
448	2023-02-08	3	2021	0.80	20.23	I	2
449	2023-02-08	2	2021	0.85	20.23	I	2
450	2023-02-08	1	2021	0.90	20.23	I	2
451	2023-02-08	6	2020	0.10	20.23	I	2
452	2023-02-08	5	2020	0.15	20.23	I	2
453	2023-02-08	4	2020	0.20	20.23	I	2
454	2023-02-08	3	2020	0.30	20.23	I	2
455	2023-02-08	2	2020	0.35	20.23	I	2
456	2023-02-08	1	2020	0.40	20.23	I	2
457	2023-02-08	6	2019	0.50	20.23	I	2
458	2023-02-08	5	2019	0.60	20.23	I	2
459	2023-02-08	4	2019	0.70	20.23	I	2
460	2023-02-08	3	2019	0.80	20.23	I	2
461	2023-02-08	2	2019	0.85	20.23	I	2
462	2023-02-08	1	2019	0.90	20.23	I	2
463	2023-02-08	6	2018	0.10	20.23	I	2
464	2023-02-08	5	2018	0.15	20.23	I	2
465	2023-02-08	4	2018	0.20	20.23	I	2
466	2023-02-08	3	2018	0.30	20.23	I	2
467	2023-02-08	2	2018	0.35	20.23	I	2
468	2023-02-08	1	2018	0.40	20.23	I	2
469	2023-02-08	6	2017	0.50	20.23	I	2
470	2023-02-08	5	2017	0.60	20.23	I	2
471	2023-02-08	4	2017	0.70	20.23	I	2
472	2023-02-08	3	2017	0.80	20.23	I	2
473	2023-02-08	2	2017	0.85	20.23	I	2
474	2023-02-08	1	2017	0.90	20.23	I	2
475	2023-02-08	6	2016	0.10	20.23	I	2
476	2023-02-08	5	2016	0.15	20.23	I	2
477	2023-02-08	4	2016	0.20	20.23	I	2
478	2023-02-08	3	2016	0.30	20.23	I	2
479	2023-02-08	2	2016	0.35	20.23	I	2
480	2023-02-08	1	2016	0.40	20.23	I	2
529	2023-02-08	6	2023	0.50	20.23	A	6
530	2023-02-08	5	2023	0.60	20.23	A	6
531	2023-02-08	4	2023	0.70	20.23	A	6
532	2023-02-08	3	2023	0.80	20.23	A	6
533	2023-02-08	2	2023	0.85	20.23	A	6
534	2023-02-08	1	2023	0.90	20.23	A	6
535	2023-02-08	6	2022	0.10	20.23	I	6
536	2023-02-08	5	2022	0.15	20.23	I	6
537	2023-02-08	4	2022	0.20	20.23	I	6
538	2023-02-08	3	2022	0.30	20.23	I	6
539	2023-02-08	2	2022	0.35	20.23	I	6
540	2023-02-08	1	2022	0.40	20.23	I	6
541	2023-02-08	6	2021	0.50	20.23	I	6
542	2023-02-08	5	2021	0.60	20.23	I	6
543	2023-02-08	4	2021	0.70	20.23	I	6
544	2023-02-08	3	2021	0.80	20.23	I	6
545	2023-02-08	2	2021	0.85	20.23	I	6
546	2023-02-08	1	2021	0.90	20.23	I	6
547	2023-02-08	6	2020	0.10	20.23	I	6
548	2023-02-08	5	2020	0.15	20.23	I	6
549	2023-02-08	4	2020	0.20	20.23	I	6
550	2023-02-08	3	2020	0.30	20.23	I	6
551	2023-02-08	2	2020	0.35	20.23	I	6
552	2023-02-08	1	2020	0.40	20.23	I	6
553	2023-02-08	6	2019	0.50	20.23	I	6
554	2023-02-08	5	2019	0.60	20.23	I	6
555	2023-02-08	4	2019	0.70	20.23	I	6
556	2023-02-08	3	2019	0.80	20.23	I	6
557	2023-02-08	2	2019	0.85	20.23	I	6
558	2023-02-08	1	2019	0.90	20.23	I	6
559	2023-02-08	6	2018	0.10	20.23	I	6
560	2023-02-08	5	2018	0.15	20.23	I	6
561	2023-02-08	4	2018	0.20	20.23	I	6
562	2023-02-08	3	2018	0.30	20.23	I	6
563	2023-02-08	2	2018	0.35	20.23	I	6
564	2023-02-08	1	2018	0.40	20.23	I	6
565	2023-02-08	6	2017	0.50	20.23	I	6
566	2023-02-08	5	2017	0.60	20.23	I	6
567	2023-02-08	4	2017	0.70	20.23	I	6
568	2023-02-08	3	2017	0.80	20.23	I	6
569	2023-02-08	2	2017	0.85	20.23	I	6
570	2023-02-08	1	2017	0.90	20.23	I	6
571	2023-02-08	6	2016	0.10	20.23	I	6
572	2023-02-08	5	2016	0.15	20.23	I	6
573	2023-02-08	4	2016	0.20	20.23	I	6
574	2023-02-08	3	2016	0.30	20.23	I	6
575	2023-02-08	2	2016	0.35	20.23	I	6
576	2023-02-08	1	2016	0.40	20.23	I	6
\.


--
-- Data for Name: registered_adjusted_area; Type: TABLE DATA; Schema: public; Owner: postgres
--

COPY public.registered_adjusted_area (id, proposed_area, area_units, description, record_date, comments, lease_number_id) FROM stdin;
19	1300.00	m²	Initial	2017-02-08		3
20	1200.00	m²	Changed to	2023-02-10	The area changed	3
21	900.00	m²	Changed to	2022-02-10	The area changed	3
22	850.00	m²	Changed to	2020-02-10		3
23	720.00	m²	Changed to	2023-04-10		3
24	5667.00	m²	Changed to	2023-02-10		3
\.


--
-- Data for Name: registered_alter_landuse; Type: TABLE DATA; Schema: public; Owner: postgres
--

COPY public.registered_alter_landuse (id, description, record_date, comments, lease_number_id, proposed_land_use_id) FROM stdin;
1	Initial	2016-02-08		1	1
2	Changed to	2019-02-08	The land changed from commercial to residential	1	2
4	Changed to	2021-02-08	The land changed to agricultural as the owner specified	1	4
5	Changed to	2022-02-08	The land now has a church so it is religious	1	5
6	Changed to	2023-02-08	The land is now used as a pre-school	1	6
7	Changed to	2020-02-10	The land changed land use	1	1
8	Changed to	2020-04-10	The land use changed	1	5
34	Initial	2017-02-08		3	4
35	Changed to	2020-02-10	The land use changed	3	3
36	Changed to	2019-02-10	The land use changed	3	2
\.


--
-- Data for Name: registered_landuse_type; Type: TABLE DATA; Schema: public; Owner: postgres
--

COPY public.registered_landuse_type (id, landuse) FROM stdin;
1	Commercial
2	Residential
3	Industrial
4	Agricultural
5	Religion
6	School
\.


--
-- Data for Name: registered_lease; Type: TABLE DATA; Schema: public; Owner: postgres
--

COPY public.registered_lease (id, lease_number, zone_number, area, area_units, lease_status, lastpayment_period, registration_date, lastpayment_date, landuse_type_id) FROM stdin;
4	00000-004	4	900.00	m²	A	\N	2017-02-08	\N	1
5	00000-005	5	900.00	m²	A	2019	2018-02-08	\N	1
6	00000-006	5	1500.00	m²	A	\N	2019-02-08	\N	1
7	00000-007	6	900.00	m²	A	2020	2020-02-08	\N	1
8	00000-008	6	1500.00	m²	A	2021	2021-02-08	\N	1
9	00000-009	6	2000.00	m²	A	2019	2017-02-08	\N	1
10	00000-010	6	1800.00	m²	I	2022	2017-02-08	\N	1
2	00000-002	2	900.00	m²	A	2016	2016-02-08	\N	1
1	00000-001	1	1900.00	m²	A	\N	2016-02-08	\N	6
3	00000-003	3	720.00	m²	A	2018	2017-02-08	\N	3
\.


--
-- Data for Name: registered_surrendered_lease; Type: TABLE DATA; Schema: public; Owner: postgres
--

COPY public.registered_surrendered_lease (lease_number_id, surrender_date, comments) FROM stdin;
10	2023-02-08	The lease has been surrendered
\.


--
-- Data for Name: testing; Type: TABLE DATA; Schema: public; Owner: postgres
--

COPY public.testing (name, description) FROM stdin;
lease number	00000-004
2017	900.00
2018	900.00
2019	900.00
2020	900.00
2021	900.00
2022	900.00
2023	900.00
lease number	00000-005
2020	900.00
2021	900.00
2022	900.00
2023	900.00
lease number	00000-006
2019	1500.00
2020	1500.00
2021	1500.00
2022	1500.00
2023	1500.00
lease number	00000-007
2021	900.00
2022	900.00
2023	900.00
lease number	00000-008
2022	1500.00
2023	1500.00
lease number	00000-009
2020	2000.00
2021	2000.00
2022	2000.00
2023	2000.00
lease number	00000-002
2017	900.00
2018	900.00
2019	900.00
2020	900.00
2021	900.00
2022	900.00
2023	900.00
lease number	00000-001
2016	1900.00
2017	1900.00
2018	1900.00
2019	1900.00
2020	1900.00
2021	1900.00
2022	1900.00
2023	1900.00
lease number	00000-003
2019	1300.00
2020	1300.00
2021	850.00
2022	850.00
2023	900.00
\.


--
-- Name: auth_group_id_seq; Type: SEQUENCE SET; Schema: public; Owner: postgres
--

SELECT pg_catalog.setval('public.auth_group_id_seq', 1, false);


--
-- Name: auth_group_permissions_id_seq; Type: SEQUENCE SET; Schema: public; Owner: postgres
--

SELECT pg_catalog.setval('public.auth_group_permissions_id_seq', 1, false);


--
-- Name: auth_permission_id_seq; Type: SEQUENCE SET; Schema: public; Owner: postgres
--

SELECT pg_catalog.setval('public.auth_permission_id_seq', 60, true);


--
-- Name: auth_user_groups_id_seq; Type: SEQUENCE SET; Schema: public; Owner: postgres
--

SELECT pg_catalog.setval('public.auth_user_groups_id_seq', 1, false);


--
-- Name: auth_user_id_seq; Type: SEQUENCE SET; Schema: public; Owner: postgres
--

SELECT pg_catalog.setval('public.auth_user_id_seq', 6, true);


--
-- Name: auth_user_user_permissions_id_seq; Type: SEQUENCE SET; Schema: public; Owner: postgres
--

SELECT pg_catalog.setval('public.auth_user_user_permissions_id_seq', 2, true);


--
-- Name: django_admin_log_id_seq; Type: SEQUENCE SET; Schema: public; Owner: postgres
--

SELECT pg_catalog.setval('public.django_admin_log_id_seq', 376, true);


--
-- Name: django_content_type_id_seq; Type: SEQUENCE SET; Schema: public; Owner: postgres
--

SELECT pg_catalog.setval('public.django_content_type_id_seq', 15, true);


--
-- Name: django_migrations_id_seq; Type: SEQUENCE SET; Schema: public; Owner: postgres
--

SELECT pg_catalog.setval('public.django_migrations_id_seq', 28, true);


--
-- Name: invoicenumber; Type: SEQUENCE SET; Schema: public; Owner: postgres
--

SELECT pg_catalog.setval('public.invoicenumber', 273, true);


--
-- Name: lease_bills_bill_details_id_seq; Type: SEQUENCE SET; Schema: public; Owner: postgres
--

SELECT pg_catalog.setval('public.lease_bills_bill_details_id_seq', 1335, true);


--
-- Name: lease_bills_bill_finale_id_seq; Type: SEQUENCE SET; Schema: public; Owner: postgres
--

SELECT pg_catalog.setval('public.lease_bills_bill_finale_id_seq', 6, true);


--
-- Name: lease_bills_bill_id_seq; Type: SEQUENCE SET; Schema: public; Owner: postgres
--

SELECT pg_catalog.setval('public.lease_bills_bill_id_seq', 273, true);


--
-- Name: lease_bills_reference_table_id_seq; Type: SEQUENCE SET; Schema: public; Owner: postgres
--

SELECT pg_catalog.setval('public.lease_bills_reference_table_id_seq', 576, true);


--
-- Name: registered_adjusted_area_id_seq; Type: SEQUENCE SET; Schema: public; Owner: postgres
--

SELECT pg_catalog.setval('public.registered_adjusted_area_id_seq', 24, true);


--
-- Name: registered_alter_landuse_id_seq; Type: SEQUENCE SET; Schema: public; Owner: postgres
--

SELECT pg_catalog.setval('public.registered_alter_landuse_id_seq', 38, true);


--
-- Name: registered_landuse_type_id_seq; Type: SEQUENCE SET; Schema: public; Owner: postgres
--

SELECT pg_catalog.setval('public.registered_landuse_type_id_seq', 6, true);


--
-- Name: registered_lease_id_seq; Type: SEQUENCE SET; Schema: public; Owner: postgres
--

SELECT pg_catalog.setval('public.registered_lease_id_seq', 10, true);


--
-- Name: auth_group auth_group_name_key; Type: CONSTRAINT; Schema: public; Owner: postgres
--

ALTER TABLE ONLY public.auth_group
    ADD CONSTRAINT auth_group_name_key UNIQUE (name);


--
-- Name: auth_group_permissions auth_group_permissions_group_id_permission_id_0cd325b0_uniq; Type: CONSTRAINT; Schema: public; Owner: postgres
--

ALTER TABLE ONLY public.auth_group_permissions
    ADD CONSTRAINT auth_group_permissions_group_id_permission_id_0cd325b0_uniq UNIQUE (group_id, permission_id);


--
-- Name: auth_group_permissions auth_group_permissions_pkey; Type: CONSTRAINT; Schema: public; Owner: postgres
--

ALTER TABLE ONLY public.auth_group_permissions
    ADD CONSTRAINT auth_group_permissions_pkey PRIMARY KEY (id);


--
-- Name: auth_group auth_group_pkey; Type: CONSTRAINT; Schema: public; Owner: postgres
--

ALTER TABLE ONLY public.auth_group
    ADD CONSTRAINT auth_group_pkey PRIMARY KEY (id);


--
-- Name: auth_permission auth_permission_content_type_id_codename_01ab375a_uniq; Type: CONSTRAINT; Schema: public; Owner: postgres
--

ALTER TABLE ONLY public.auth_permission
    ADD CONSTRAINT auth_permission_content_type_id_codename_01ab375a_uniq UNIQUE (content_type_id, codename);


--
-- Name: auth_permission auth_permission_pkey; Type: CONSTRAINT; Schema: public; Owner: postgres
--

ALTER TABLE ONLY public.auth_permission
    ADD CONSTRAINT auth_permission_pkey PRIMARY KEY (id);


--
-- Name: auth_user_groups auth_user_groups_pkey; Type: CONSTRAINT; Schema: public; Owner: postgres
--

ALTER TABLE ONLY public.auth_user_groups
    ADD CONSTRAINT auth_user_groups_pkey PRIMARY KEY (id);


--
-- Name: auth_user_groups auth_user_groups_user_id_group_id_94350c0c_uniq; Type: CONSTRAINT; Schema: public; Owner: postgres
--

ALTER TABLE ONLY public.auth_user_groups
    ADD CONSTRAINT auth_user_groups_user_id_group_id_94350c0c_uniq UNIQUE (user_id, group_id);


--
-- Name: auth_user auth_user_pkey; Type: CONSTRAINT; Schema: public; Owner: postgres
--

ALTER TABLE ONLY public.auth_user
    ADD CONSTRAINT auth_user_pkey PRIMARY KEY (id);


--
-- Name: auth_user_user_permissions auth_user_user_permissions_pkey; Type: CONSTRAINT; Schema: public; Owner: postgres
--

ALTER TABLE ONLY public.auth_user_user_permissions
    ADD CONSTRAINT auth_user_user_permissions_pkey PRIMARY KEY (id);


--
-- Name: auth_user_user_permissions auth_user_user_permissions_user_id_permission_id_14a6b632_uniq; Type: CONSTRAINT; Schema: public; Owner: postgres
--

ALTER TABLE ONLY public.auth_user_user_permissions
    ADD CONSTRAINT auth_user_user_permissions_user_id_permission_id_14a6b632_uniq UNIQUE (user_id, permission_id);


--
-- Name: auth_user auth_user_username_key; Type: CONSTRAINT; Schema: public; Owner: postgres
--

ALTER TABLE ONLY public.auth_user
    ADD CONSTRAINT auth_user_username_key UNIQUE (username);


--
-- Name: django_admin_log django_admin_log_pkey; Type: CONSTRAINT; Schema: public; Owner: postgres
--

ALTER TABLE ONLY public.django_admin_log
    ADD CONSTRAINT django_admin_log_pkey PRIMARY KEY (id);


--
-- Name: django_content_type django_content_type_app_label_model_76bd3d3b_uniq; Type: CONSTRAINT; Schema: public; Owner: postgres
--

ALTER TABLE ONLY public.django_content_type
    ADD CONSTRAINT django_content_type_app_label_model_76bd3d3b_uniq UNIQUE (app_label, model);


--
-- Name: django_content_type django_content_type_pkey; Type: CONSTRAINT; Schema: public; Owner: postgres
--

ALTER TABLE ONLY public.django_content_type
    ADD CONSTRAINT django_content_type_pkey PRIMARY KEY (id);


--
-- Name: django_migrations django_migrations_pkey; Type: CONSTRAINT; Schema: public; Owner: postgres
--

ALTER TABLE ONLY public.django_migrations
    ADD CONSTRAINT django_migrations_pkey PRIMARY KEY (id);


--
-- Name: django_session django_session_pkey; Type: CONSTRAINT; Schema: public; Owner: postgres
--

ALTER TABLE ONLY public.django_session
    ADD CONSTRAINT django_session_pkey PRIMARY KEY (session_key);


--
-- Name: lease_bills_bill_details lease_bills_bill_details_pkey; Type: CONSTRAINT; Schema: public; Owner: postgres
--

ALTER TABLE ONLY public.lease_bills_bill_details
    ADD CONSTRAINT lease_bills_bill_details_pkey PRIMARY KEY (id);


--
-- Name: lease_bills_bill_finale lease_bills_bill_finale_period_key; Type: CONSTRAINT; Schema: public; Owner: postgres
--

ALTER TABLE ONLY public.lease_bills_bill_finale
    ADD CONSTRAINT lease_bills_bill_finale_period_key UNIQUE (period);


--
-- Name: lease_bills_bill_finale lease_bills_bill_finale_pkey; Type: CONSTRAINT; Schema: public; Owner: postgres
--

ALTER TABLE ONLY public.lease_bills_bill_finale
    ADD CONSTRAINT lease_bills_bill_finale_pkey PRIMARY KEY (id);


--
-- Name: lease_bills_bill lease_bills_bill_lease_number_id_billing_date_904277fd_uniq; Type: CONSTRAINT; Schema: public; Owner: postgres
--

ALTER TABLE ONLY public.lease_bills_bill
    ADD CONSTRAINT lease_bills_bill_lease_number_id_billing_date_904277fd_uniq UNIQUE (lease_number_id, billing_date);


--
-- Name: lease_bills_bill lease_bills_bill_pkey; Type: CONSTRAINT; Schema: public; Owner: postgres
--

ALTER TABLE ONLY public.lease_bills_bill
    ADD CONSTRAINT lease_bills_bill_pkey PRIMARY KEY (id);


--
-- Name: lease_bills_reference_table lease_bills_reference_ta_zone_number_landuse_type_e8bdcb9d_uniq; Type: CONSTRAINT; Schema: public; Owner: postgres
--

ALTER TABLE ONLY public.lease_bills_reference_table
    ADD CONSTRAINT lease_bills_reference_ta_zone_number_landuse_type_e8bdcb9d_uniq UNIQUE (zone_number, landuse_type_id, period);


--
-- Name: lease_bills_reference_table lease_bills_reference_table_pkey; Type: CONSTRAINT; Schema: public; Owner: postgres
--

ALTER TABLE ONLY public.lease_bills_reference_table
    ADD CONSTRAINT lease_bills_reference_table_pkey PRIMARY KEY (id);


--
-- Name: registered_adjusted_area registered_adjusted_area_pkey; Type: CONSTRAINT; Schema: public; Owner: postgres
--

ALTER TABLE ONLY public.registered_adjusted_area
    ADD CONSTRAINT registered_adjusted_area_pkey PRIMARY KEY (id);


--
-- Name: registered_alter_landuse registered_alter_landuse_pkey; Type: CONSTRAINT; Schema: public; Owner: postgres
--

ALTER TABLE ONLY public.registered_alter_landuse
    ADD CONSTRAINT registered_alter_landuse_pkey PRIMARY KEY (id);


--
-- Name: registered_landuse_type registered_landuse_type_landuse_key; Type: CONSTRAINT; Schema: public; Owner: postgres
--

ALTER TABLE ONLY public.registered_landuse_type
    ADD CONSTRAINT registered_landuse_type_landuse_key UNIQUE (landuse);


--
-- Name: registered_landuse_type registered_landuse_type_pkey; Type: CONSTRAINT; Schema: public; Owner: postgres
--

ALTER TABLE ONLY public.registered_landuse_type
    ADD CONSTRAINT registered_landuse_type_pkey PRIMARY KEY (id);


--
-- Name: registered_lease registered_lease_lease_number_key; Type: CONSTRAINT; Schema: public; Owner: postgres
--

ALTER TABLE ONLY public.registered_lease
    ADD CONSTRAINT registered_lease_lease_number_key UNIQUE (lease_number);


--
-- Name: registered_lease registered_lease_pkey; Type: CONSTRAINT; Schema: public; Owner: postgres
--

ALTER TABLE ONLY public.registered_lease
    ADD CONSTRAINT registered_lease_pkey PRIMARY KEY (id);


--
-- Name: registered_surrendered_lease registered_surrendered_lease_pkey; Type: CONSTRAINT; Schema: public; Owner: postgres
--

ALTER TABLE ONLY public.registered_surrendered_lease
    ADD CONSTRAINT registered_surrendered_lease_pkey PRIMARY KEY (lease_number_id);


--
-- Name: auth_group_name_a6ea08ec_like; Type: INDEX; Schema: public; Owner: postgres
--

CREATE INDEX auth_group_name_a6ea08ec_like ON public.auth_group USING btree (name varchar_pattern_ops);


--
-- Name: auth_group_permissions_group_id_b120cbf9; Type: INDEX; Schema: public; Owner: postgres
--

CREATE INDEX auth_group_permissions_group_id_b120cbf9 ON public.auth_group_permissions USING btree (group_id);


--
-- Name: auth_group_permissions_permission_id_84c5c92e; Type: INDEX; Schema: public; Owner: postgres
--

CREATE INDEX auth_group_permissions_permission_id_84c5c92e ON public.auth_group_permissions USING btree (permission_id);


--
-- Name: auth_permission_content_type_id_2f476e4b; Type: INDEX; Schema: public; Owner: postgres
--

CREATE INDEX auth_permission_content_type_id_2f476e4b ON public.auth_permission USING btree (content_type_id);


--
-- Name: auth_user_groups_group_id_97559544; Type: INDEX; Schema: public; Owner: postgres
--

CREATE INDEX auth_user_groups_group_id_97559544 ON public.auth_user_groups USING btree (group_id);


--
-- Name: auth_user_groups_user_id_6a12ed8b; Type: INDEX; Schema: public; Owner: postgres
--

CREATE INDEX auth_user_groups_user_id_6a12ed8b ON public.auth_user_groups USING btree (user_id);


--
-- Name: auth_user_user_permissions_permission_id_1fbb5f2c; Type: INDEX; Schema: public; Owner: postgres
--

CREATE INDEX auth_user_user_permissions_permission_id_1fbb5f2c ON public.auth_user_user_permissions USING btree (permission_id);


--
-- Name: auth_user_user_permissions_user_id_a95ead1b; Type: INDEX; Schema: public; Owner: postgres
--

CREATE INDEX auth_user_user_permissions_user_id_a95ead1b ON public.auth_user_user_permissions USING btree (user_id);


--
-- Name: auth_user_username_6821ab7c_like; Type: INDEX; Schema: public; Owner: postgres
--

CREATE INDEX auth_user_username_6821ab7c_like ON public.auth_user USING btree (username varchar_pattern_ops);


--
-- Name: django_admin_log_content_type_id_c4bce8eb; Type: INDEX; Schema: public; Owner: postgres
--

CREATE INDEX django_admin_log_content_type_id_c4bce8eb ON public.django_admin_log USING btree (content_type_id);


--
-- Name: django_admin_log_user_id_c564eba6; Type: INDEX; Schema: public; Owner: postgres
--

CREATE INDEX django_admin_log_user_id_c564eba6 ON public.django_admin_log USING btree (user_id);


--
-- Name: django_session_expire_date_a5c62663; Type: INDEX; Schema: public; Owner: postgres
--

CREATE INDEX django_session_expire_date_a5c62663 ON public.django_session USING btree (expire_date);


--
-- Name: django_session_session_key_c0390e0f_like; Type: INDEX; Schema: public; Owner: postgres
--

CREATE INDEX django_session_session_key_c0390e0f_like ON public.django_session USING btree (session_key varchar_pattern_ops);


--
-- Name: lease_bills_bill_details_landuse_type_id_7618ccf9; Type: INDEX; Schema: public; Owner: postgres
--

CREATE INDEX lease_bills_bill_details_landuse_type_id_7618ccf9 ON public.lease_bills_bill_details USING btree (landuse_type_id);


--
-- Name: lease_bills_bill_lease_number_id_e5fda92f; Type: INDEX; Schema: public; Owner: postgres
--

CREATE INDEX lease_bills_bill_lease_number_id_e5fda92f ON public.lease_bills_bill USING btree (lease_number_id);


--
-- Name: lease_bills_reference_table_landuse_type_id_7e0f726e; Type: INDEX; Schema: public; Owner: postgres
--

CREATE INDEX lease_bills_reference_table_landuse_type_id_7e0f726e ON public.lease_bills_reference_table USING btree (landuse_type_id);


--
-- Name: registered_adjusted_area_lease_number_id_87f82140; Type: INDEX; Schema: public; Owner: postgres
--

CREATE INDEX registered_adjusted_area_lease_number_id_87f82140 ON public.registered_adjusted_area USING btree (lease_number_id);


--
-- Name: registered_alter_landuse_lease_number_id_f4c156e4; Type: INDEX; Schema: public; Owner: postgres
--

CREATE INDEX registered_alter_landuse_lease_number_id_f4c156e4 ON public.registered_alter_landuse USING btree (lease_number_id);


--
-- Name: registered_alter_landuse_proposed_land_use_id_27337e83; Type: INDEX; Schema: public; Owner: postgres
--

CREATE INDEX registered_alter_landuse_proposed_land_use_id_27337e83 ON public.registered_alter_landuse USING btree (proposed_land_use_id);


--
-- Name: registered_landuse_type_landuse_450f0c19_like; Type: INDEX; Schema: public; Owner: postgres
--

CREATE INDEX registered_landuse_type_landuse_450f0c19_like ON public.registered_landuse_type USING btree (landuse varchar_pattern_ops);


--
-- Name: registered_lease_landuse_type_id_88a440df; Type: INDEX; Schema: public; Owner: postgres
--

CREATE INDEX registered_lease_landuse_type_id_88a440df ON public.registered_lease USING btree (landuse_type_id);


--
-- Name: registered_lease_lease_number_6056d053_like; Type: INDEX; Schema: public; Owner: postgres
--

CREATE INDEX registered_lease_lease_number_6056d053_like ON public.registered_lease USING btree (lease_number text_pattern_ops);


--
-- Name: auth_group_permissions auth_group_permissio_permission_id_84c5c92e_fk_auth_perm; Type: FK CONSTRAINT; Schema: public; Owner: postgres
--

ALTER TABLE ONLY public.auth_group_permissions
    ADD CONSTRAINT auth_group_permissio_permission_id_84c5c92e_fk_auth_perm FOREIGN KEY (permission_id) REFERENCES public.auth_permission(id) DEFERRABLE INITIALLY DEFERRED;


--
-- Name: auth_group_permissions auth_group_permissions_group_id_b120cbf9_fk_auth_group_id; Type: FK CONSTRAINT; Schema: public; Owner: postgres
--

ALTER TABLE ONLY public.auth_group_permissions
    ADD CONSTRAINT auth_group_permissions_group_id_b120cbf9_fk_auth_group_id FOREIGN KEY (group_id) REFERENCES public.auth_group(id) DEFERRABLE INITIALLY DEFERRED;


--
-- Name: auth_permission auth_permission_content_type_id_2f476e4b_fk_django_co; Type: FK CONSTRAINT; Schema: public; Owner: postgres
--

ALTER TABLE ONLY public.auth_permission
    ADD CONSTRAINT auth_permission_content_type_id_2f476e4b_fk_django_co FOREIGN KEY (content_type_id) REFERENCES public.django_content_type(id) DEFERRABLE INITIALLY DEFERRED;


--
-- Name: auth_user_groups auth_user_groups_group_id_97559544_fk_auth_group_id; Type: FK CONSTRAINT; Schema: public; Owner: postgres
--

ALTER TABLE ONLY public.auth_user_groups
    ADD CONSTRAINT auth_user_groups_group_id_97559544_fk_auth_group_id FOREIGN KEY (group_id) REFERENCES public.auth_group(id) DEFERRABLE INITIALLY DEFERRED;


--
-- Name: auth_user_groups auth_user_groups_user_id_6a12ed8b_fk_auth_user_id; Type: FK CONSTRAINT; Schema: public; Owner: postgres
--

ALTER TABLE ONLY public.auth_user_groups
    ADD CONSTRAINT auth_user_groups_user_id_6a12ed8b_fk_auth_user_id FOREIGN KEY (user_id) REFERENCES public.auth_user(id) DEFERRABLE INITIALLY DEFERRED;


--
-- Name: auth_user_user_permissions auth_user_user_permi_permission_id_1fbb5f2c_fk_auth_perm; Type: FK CONSTRAINT; Schema: public; Owner: postgres
--

ALTER TABLE ONLY public.auth_user_user_permissions
    ADD CONSTRAINT auth_user_user_permi_permission_id_1fbb5f2c_fk_auth_perm FOREIGN KEY (permission_id) REFERENCES public.auth_permission(id) DEFERRABLE INITIALLY DEFERRED;


--
-- Name: auth_user_user_permissions auth_user_user_permissions_user_id_a95ead1b_fk_auth_user_id; Type: FK CONSTRAINT; Schema: public; Owner: postgres
--

ALTER TABLE ONLY public.auth_user_user_permissions
    ADD CONSTRAINT auth_user_user_permissions_user_id_a95ead1b_fk_auth_user_id FOREIGN KEY (user_id) REFERENCES public.auth_user(id) DEFERRABLE INITIALLY DEFERRED;


--
-- Name: django_admin_log django_admin_log_content_type_id_c4bce8eb_fk_django_co; Type: FK CONSTRAINT; Schema: public; Owner: postgres
--

ALTER TABLE ONLY public.django_admin_log
    ADD CONSTRAINT django_admin_log_content_type_id_c4bce8eb_fk_django_co FOREIGN KEY (content_type_id) REFERENCES public.django_content_type(id) DEFERRABLE INITIALLY DEFERRED;


--
-- Name: django_admin_log django_admin_log_user_id_c564eba6_fk_auth_user_id; Type: FK CONSTRAINT; Schema: public; Owner: postgres
--

ALTER TABLE ONLY public.django_admin_log
    ADD CONSTRAINT django_admin_log_user_id_c564eba6_fk_auth_user_id FOREIGN KEY (user_id) REFERENCES public.auth_user(id) DEFERRABLE INITIALLY DEFERRED;


--
-- Name: lease_bills_bill_details lease_bills_bill_det_landuse_type_id_7618ccf9_fk_registere; Type: FK CONSTRAINT; Schema: public; Owner: postgres
--

ALTER TABLE ONLY public.lease_bills_bill_details
    ADD CONSTRAINT lease_bills_bill_det_landuse_type_id_7618ccf9_fk_registere FOREIGN KEY (landuse_type_id) REFERENCES public.registered_landuse_type(id) DEFERRABLE INITIALLY DEFERRED;


--
-- Name: lease_bills_bill lease_bills_bill_lease_number_id_e5fda92f_fk_registere; Type: FK CONSTRAINT; Schema: public; Owner: postgres
--

ALTER TABLE ONLY public.lease_bills_bill
    ADD CONSTRAINT lease_bills_bill_lease_number_id_e5fda92f_fk_registere FOREIGN KEY (lease_number_id) REFERENCES public.registered_lease(id) DEFERRABLE INITIALLY DEFERRED;


--
-- Name: lease_bills_reference_table lease_bills_referenc_landuse_type_id_7e0f726e_fk_registere; Type: FK CONSTRAINT; Schema: public; Owner: postgres
--

ALTER TABLE ONLY public.lease_bills_reference_table
    ADD CONSTRAINT lease_bills_referenc_landuse_type_id_7e0f726e_fk_registere FOREIGN KEY (landuse_type_id) REFERENCES public.registered_landuse_type(id) DEFERRABLE INITIALLY DEFERRED;


--
-- Name: registered_adjusted_area registered_adjusted__lease_number_id_87f82140_fk_registere; Type: FK CONSTRAINT; Schema: public; Owner: postgres
--

ALTER TABLE ONLY public.registered_adjusted_area
    ADD CONSTRAINT registered_adjusted__lease_number_id_87f82140_fk_registere FOREIGN KEY (lease_number_id) REFERENCES public.registered_lease(id) DEFERRABLE INITIALLY DEFERRED;


--
-- Name: registered_alter_landuse registered_alter_lan_lease_number_id_f4c156e4_fk_registere; Type: FK CONSTRAINT; Schema: public; Owner: postgres
--

ALTER TABLE ONLY public.registered_alter_landuse
    ADD CONSTRAINT registered_alter_lan_lease_number_id_f4c156e4_fk_registere FOREIGN KEY (lease_number_id) REFERENCES public.registered_lease(id) DEFERRABLE INITIALLY DEFERRED;


--
-- Name: registered_alter_landuse registered_alter_lan_proposed_land_use_id_27337e83_fk_registere; Type: FK CONSTRAINT; Schema: public; Owner: postgres
--

ALTER TABLE ONLY public.registered_alter_landuse
    ADD CONSTRAINT registered_alter_lan_proposed_land_use_id_27337e83_fk_registere FOREIGN KEY (proposed_land_use_id) REFERENCES public.registered_landuse_type(id) DEFERRABLE INITIALLY DEFERRED;


--
-- Name: registered_lease registered_lease_landuse_type_id_88a440df_fk_registere; Type: FK CONSTRAINT; Schema: public; Owner: postgres
--

ALTER TABLE ONLY public.registered_lease
    ADD CONSTRAINT registered_lease_landuse_type_id_88a440df_fk_registere FOREIGN KEY (landuse_type_id) REFERENCES public.registered_landuse_type(id) DEFERRABLE INITIALLY DEFERRED;


--
-- Name: registered_surrendered_lease registered_surrender_lease_number_id_df90ebd5_fk_registere; Type: FK CONSTRAINT; Schema: public; Owner: postgres
--

ALTER TABLE ONLY public.registered_surrendered_lease
    ADD CONSTRAINT registered_surrender_lease_number_id_df90ebd5_fk_registere FOREIGN KEY (lease_number_id) REFERENCES public.registered_lease(id) DEFERRABLE INITIALLY DEFERRED;


--
-- PostgreSQL database dump complete
--

